{"fantasy": [0.20503173093576962, 0.7949682690642303], "fiction": [0.2809528303745796, 0.7190471696254205], "romance": [0.2564552411789658, 0.7435447588210342], "horror": [0.04692984139199192, 0.953070158608008], "mystery": [0.10946970600528313, 0.8905302939947168], "science-fiction": [0.10116065011340997, 0.8988393498865901]}